12AG1A0520,11505,COMPILER DESIGN LAB,19,-1,19,0
12AG1A0520,11535,OPERATING SYSTEMS LAB,19,35,54,2
12AG1A0520,115AN,PRINCIPLES OF PROGRAMMING LANGUAGES,8,1,9,0
12AG1A0520,115AP,COMPILER DESIGN,9,2,11,0
12AG1A0520,115DT,COMPUTER NETWORKS,14,1,15,0
12AG1A0520,115DZ,HUMAN VALUES AND PROFESSIONAL ETHICS,14,16,30,0
12AG1A0520,115EH,OPERATING SYSTEMS,10,4,14,0
12AG1A0520,115EM,SOFTWARE ENGINEERING,14,1,15,0
13AG1A0502,115AP,COMPILER DESIGN,19,10,29,0
13AG1A0502,115EH,OPERATING SYSTEMS,19,-1,19,0
13AG1A0509,115AP,COMPILER DESIGN,19,6,25,0
13AG1A0517,115AN,PRINCIPLES OF PROGRAMMING LANGUAGES,22,31,53,4
13AG1A0517,115DZ,HUMAN VALUES AND PROFESSIONAL ETHICS,20,30,50,4
13AG1A0531,11505,COMPILER DESIGN LAB,20,45,65,2
13AG1A0531,11535,OPERATING SYSTEMS LAB,18,39,57,2
13AG1A0531,115AN,PRINCIPLES OF PROGRAMMING LANGUAGES,17,26,43,4
13AG1A0531,115AP,COMPILER DESIGN,18,26,44,4
13AG1A0531,115DT,COMPUTER NETWORKS,17,26,43,4
13AG1A0531,115DZ,HUMAN VALUES AND PROFESSIONAL ETHICS,14,30,44,4
13AG1A0531,115EH,OPERATING SYSTEMS,16,26,42,4
13AG1A0531,115EM,SOFTWARE ENGINEERING,17,18,35,0
13AG1A0533,115EM,SOFTWARE ENGINEERING,20,9,29,0
13AG1A0534,115EM,SOFTWARE ENGINEERING,21,0,21,0
13AG1A0549,11505,COMPILER DESIGN LAB,20,44,64,2
13AG1A0549,11535,OPERATING SYSTEMS LAB,16,39,55,2
13AG1A0549,115AN,PRINCIPLES OF PROGRAMMING LANGUAGES,14,5,19,0
13AG1A0549,115AP,COMPILER DESIGN,15,13,28,0
13AG1A0549,115DT,COMPUTER NETWORKS,18,15,33,0
13AG1A0549,115DZ,HUMAN VALUES AND PROFESSIONAL ETHICS,9,20,29,0
13AG1A0549,115EH,OPERATING SYSTEMS,12,8,20,0
13AG1A0549,115EM,SOFTWARE ENGINEERING,15,2,17,0
13AG1A0589,115AN,PRINCIPLES OF PROGRAMMING LANGUAGES,22,-1,22,0
13AG1A0589,115DT,COMPUTER NETWORKS,20,-1,20,0
13AG1A0589,115EH,OPERATING SYSTEMS,17,-1,17,0
13AG1A05A4,115AN,PRINCIPLES OF PROGRAMMING LANGUAGES,22,1,23,0
13AG1A05A4,115AP,COMPILER DESIGN,17,1,18,0
13AG1A05A4,115DT,COMPUTER NETWORKS,20,0,20,0
13AG1A05A4,115DZ,HUMAN VALUES AND PROFESSIONAL ETHICS,19,20,39,0
13AG1A05A4,115EM,SOFTWARE ENGINEERING,18,0,18,0
13AG1A05A5,11505,COMPILER DESIGN LAB,20,44,64,2
13AG1A05A5,11535,OPERATING SYSTEMS LAB,21,43,64,2
13AG1A05A5,115AN,PRINCIPLES OF PROGRAMMING LANGUAGES,11,31,42,4
13AG1A05A5,115AP,COMPILER DESIGN,13,27,40,4
13AG1A05A5,115DT,COMPUTER NETWORKS,13,-1,13,0
13AG1A05A5,115DZ,HUMAN VALUES AND PROFESSIONAL ETHICS,11,30,41,4
13AG1A05A5,115EH,OPERATING SYSTEMS,9,7,16,0
13AG1A05A5,115EM,SOFTWARE ENGINEERING,11,29,40,4
13AG1A05B5,115DZ,HUMAN VALUES AND PROFESSIONAL ETHICS,17,26,43,4
14AG1A0501,11505,COMPILER DESIGN LAB,22,44,66,2
14AG1A0501,11535,OPERATING SYSTEMS LAB,23,49,72,2
14AG1A0501,115AN,PRINCIPLES OF PROGRAMMING LANGUAGES,21,29,50,4
14AG1A0501,115AP,COMPILER DESIGN,21,26,47,4
14AG1A0501,115DT,COMPUTER NETWORKS,24,26,50,4
14AG1A0501,115DZ,HUMAN VALUES AND PROFESSIONAL ETHICS,18,30,48,4
14AG1A0501,115EH,OPERATING SYSTEMS,17,13,30,0
14AG1A0501,115EM,SOFTWARE ENGINEERING,21,33,54,4
14AG1A0502,11505,COMPILER DESIGN LAB,19,43,62,2
14AG1A0502,11535,OPERATING SYSTEMS LAB,15,42,57,2
14AG1A0502,115AN,PRINCIPLES OF PROGRAMMING LANGUAGES,18,26,44,4
14AG1A0502,115AP,COMPILER DESIGN,18,6,24,0
14AG1A0502,115DT,COMPUTER NETWORKS,17,12,29,0
14AG1A0502,115DZ,HUMAN VALUES AND PROFESSIONAL ETHICS,18,26,44,4
14AG1A0502,115EH,OPERATING SYSTEMS,16,2,18,0
14AG1A0502,115EM,SOFTWARE ENGINEERING,16,4,20,0
14AG1A0503,11505,COMPILER DESIGN LAB,24,49,73,2
14AG1A0503,11535,OPERATING SYSTEMS LAB,24,50,74,2
14AG1A0503,115AN,PRINCIPLES OF PROGRAMMING LANGUAGES,22,37,59,4
14AG1A0503,115AP,COMPILER DESIGN,23,33,56,4
14AG1A0503,115DT,COMPUTER NETWORKS,24,26,50,4
14AG1A0503,115DZ,HUMAN VALUES AND PROFESSIONAL ETHICS,18,30,48,4
14AG1A0503,115EH,OPERATING SYSTEMS,23,38,61,4
14AG1A0503,115EM,SOFTWARE ENGINEERING,22,31,53,4
14AG1A0504,11505,COMPILER DESIGN LAB,21,47,68,2
14AG1A0504,11535,OPERATING SYSTEMS LAB,23,48,71,2
14AG1A0504,115AN,PRINCIPLES OF PROGRAMMING LANGUAGES,23,48,71,4
14AG1A0504,115AP,COMPILER DESIGN,22,44,66,4
14AG1A0504,115DT,COMPUTER NETWORKS,24,42,66,4
14AG1A0504,115DZ,HUMAN VALUES AND PROFESSIONAL ETHICS,18,34,52,4
14AG1A0504,115EH,OPERATING SYSTEMS,21,48,69,4
14AG1A0504,115EM,SOFTWARE ENGINEERING,20,34,54,4
14AG1A0505,11505,COMPILER DESIGN LAB,23,49,72,2
14AG1A0505,11535,OPERATING SYSTEMS LAB,25,50,75,2
14AG1A0505,115AN,PRINCIPLES OF PROGRAMMING LANGUAGES,23,44,67,4
14AG1A0505,115AP,COMPILER DESIGN,23,43,66,4
14AG1A0505,115DT,COMPUTER NETWORKS,24,31,55,4
14AG1A0505,115DZ,HUMAN VALUES AND PROFESSIONAL ETHICS,19,34,53,4
14AG1A0505,115EH,OPERATING SYSTEMS,22,33,55,4
14AG1A0505,115EM,SOFTWARE ENGINEERING,22,33,55,4
14AG1A0506,11505,COMPILER DESIGN LAB,23,47,70,2
14AG1A0506,11535,OPERATING SYSTEMS LAB,21,47,68,2
14AG1A0506,115AN,PRINCIPLES OF PROGRAMMING LANGUAGES,19,26,45,4
14AG1A0506,115AP,COMPILER DESIGN,22,34,56,4
14AG1A0506,115DT,COMPUTER NETWORKS,21,26,47,4
14AG1A0506,115DZ,HUMAN VALUES AND PROFESSIONAL ETHICS,16,34,50,4
14AG1A0506,115EH,OPERATING SYSTEMS,18,41,59,4
14AG1A0506,115EM,SOFTWARE ENGINEERING,22,32,54,4
14AG1A0507,11505,COMPILER DESIGN LAB,21,48,69,2
14AG1A0507,11535,OPERATING SYSTEMS LAB,23,46,69,2
14AG1A0507,115AN,PRINCIPLES OF PROGRAMMING LANGUAGES,22,12,34,0
14AG1A0507,115AP,COMPILER DESIGN,22,30,52,4
14AG1A0507,115DT,COMPUTER NETWORKS,24,26,50,4
14AG1A0507,115DZ,HUMAN VALUES AND PROFESSIONAL ETHICS,19,30,49,4
14AG1A0507,115EH,OPERATING SYSTEMS,22,11,33,0
14AG1A0507,115EM,SOFTWARE ENGINEERING,20,26,46,4
14AG1A0508,11505,COMPILER DESIGN LAB,22,45,67,2
14AG1A0508,11535,OPERATING SYSTEMS LAB,21,46,67,2
14AG1A0508,115AN,PRINCIPLES OF PROGRAMMING LANGUAGES,20,7,27,0
14AG1A0508,115AP,COMPILER DESIGN,18,27,45,4
14AG1A0508,115DT,COMPUTER NETWORKS,16,28,44,4
14AG1A0508,115DZ,HUMAN VALUES AND PROFESSIONAL ETHICS,18,30,48,4
14AG1A0508,115EH,OPERATING SYSTEMS,15,4,19,0
14AG1A0508,115EM,SOFTWARE ENGINEERING,19,26,45,4
14AG1A0509,11505,COMPILER DESIGN LAB,23,47,70,2
14AG1A0509,11535,OPERATING SYSTEMS LAB,22,48,70,2
14AG1A0509,115AN,PRINCIPLES OF PROGRAMMING LANGUAGES,21,13,34,0
14AG1A0509,115AP,COMPILER DESIGN,22,48,70,4
14AG1A0509,115DT,COMPUTER NETWORKS,23,33,56,4
14AG1A0509,115DZ,HUMAN VALUES AND PROFESSIONAL ETHICS,18,30,48,4
14AG1A0509,115EH,OPERATING SYSTEMS,19,38,57,4
14AG1A0509,115EM,SOFTWARE ENGINEERING,21,29,50,4
14AG1A0510,11505,COMPILER DESIGN LAB,23,44,67,2
14AG1A0510,11535,OPERATING SYSTEMS LAB,21,44,65,2
14AG1A0510,115AN,PRINCIPLES OF PROGRAMMING LANGUAGES,21,26,47,4
14AG1A0510,115AP,COMPILER DESIGN,20,36,56,4
14AG1A0510,115DT,COMPUTER NETWORKS,23,29,52,4
14AG1A0510,115DZ,HUMAN VALUES AND PROFESSIONAL ETHICS,17,33,50,4
14AG1A0510,115EH,OPERATING SYSTEMS,20,16,36,0
14AG1A0510,115EM,SOFTWARE ENGINEERING,20,33,53,4
14AG1A0511,11505,COMPILER DESIGN LAB,24,47,71,2
14AG1A0511,11535,OPERATING SYSTEMS LAB,23,48,71,2
14AG1A0511,115AN,PRINCIPLES OF PROGRAMMING LANGUAGES,21,37,58,4
14AG1A0511,115AP,COMPILER DESIGN,22,41,63,4
14AG1A0511,115DT,COMPUTER NETWORKS,23,33,56,4
14AG1A0511,115DZ,HUMAN VALUES AND PROFESSIONAL ETHICS,19,30,49,4
14AG1A0511,115EH,OPERATING SYSTEMS,22,26,48,4
14AG1A0511,115EM,SOFTWARE ENGINEERING,23,30,53,4
14AG1A0512,11505,COMPILER DESIGN LAB,24,47,71,2
14AG1A0512,11535,OPERATING SYSTEMS LAB,23,49,72,2
14AG1A0512,115AN,PRINCIPLES OF PROGRAMMING LANGUAGES,19,26,45,4
14AG1A0512,115AP,COMPILER DESIGN,22,28,50,4
14AG1A0512,115DT,COMPUTER NETWORKS,22,28,50,4
14AG1A0512,115DZ,HUMAN VALUES AND PROFESSIONAL ETHICS,18,26,44,4
14AG1A0512,115EH,OPERATING SYSTEMS,21,26,47,4
14AG1A0512,115EM,SOFTWARE ENGINEERING,22,26,48,4
14AG1A0513,11505,COMPILER DESIGN LAB,23,48,71,2
14AG1A0513,11535,OPERATING SYSTEMS LAB,23,49,72,2
14AG1A0513,115AN,PRINCIPLES OF PROGRAMMING LANGUAGES,21,31,52,4
14AG1A0513,115AP,COMPILER DESIGN,23,56,79,4
14AG1A0513,115DT,COMPUTER NETWORKS,24,31,55,4
14AG1A0513,115DZ,HUMAN VALUES AND PROFESSIONAL ETHICS,20,32,52,4
14AG1A0513,115EH,OPERATING SYSTEMS,22,27,49,4
14AG1A0513,115EM,SOFTWARE ENGINEERING,23,45,68,4
14AG1A0514,11505,COMPILER DESIGN LAB,23,46,69,2
14AG1A0514,11535,OPERATING SYSTEMS LAB,18,46,64,2
14AG1A0514,115AN,PRINCIPLES OF PROGRAMMING LANGUAGES,19,0,19,0
14AG1A0514,115AP,COMPILER DESIGN,21,31,52,4
14AG1A0514,115DT,COMPUTER NETWORKS,22,30,52,4
14AG1A0514,115DZ,HUMAN VALUES AND PROFESSIONAL ETHICS,19,26,45,4
14AG1A0514,115EH,OPERATING SYSTEMS,21,9,30,0
14AG1A0514,115EM,SOFTWARE ENGINEERING,19,29,48,4
14AG1A0515,11505,COMPILER DESIGN LAB,24,49,73,2
14AG1A0515,11535,OPERATING SYSTEMS LAB,20,50,70,2
14AG1A0515,115AN,PRINCIPLES OF PROGRAMMING LANGUAGES,22,26,48,4
14AG1A0515,115AP,COMPILER DESIGN,23,40,63,4
14AG1A0515,115DT,COMPUTER NETWORKS,25,29,54,4
14AG1A0515,115DZ,HUMAN VALUES AND PROFESSIONAL ETHICS,20,30,50,4
14AG1A0515,115EH,OPERATING SYSTEMS,23,31,54,4
14AG1A0515,115EM,SOFTWARE ENGINEERING,22,42,64,4
14AG1A0516,11505,COMPILER DESIGN LAB,22,46,68,2
14AG1A0516,11535,OPERATING SYSTEMS LAB,23,47,70,2
14AG1A0516,115AN,PRINCIPLES OF PROGRAMMING LANGUAGES,19,34,53,4
14AG1A0516,115AP,COMPILER DESIGN,23,43,66,4
14AG1A0516,115DT,COMPUTER NETWORKS,21,26,47,4
14AG1A0516,115DZ,HUMAN VALUES AND PROFESSIONAL ETHICS,17,30,47,4
14AG1A0516,115EH,OPERATING SYSTEMS,18,27,45,4
14AG1A0516,115EM,SOFTWARE ENGINEERING,22,39,61,4
14AG1A0517,11505,COMPILER DESIGN LAB,22,45,67,2
14AG1A0517,11535,OPERATING SYSTEMS LAB,22,44,66,2
14AG1A0517,115AN,PRINCIPLES OF PROGRAMMING LANGUAGES,20,26,46,4
14AG1A0517,115AP,COMPILER DESIGN,21,33,54,4
14AG1A0517,115DT,COMPUTER NETWORKS,21,29,50,4
14AG1A0517,115DZ,HUMAN VALUES AND PROFESSIONAL ETHICS,17,30,47,4
14AG1A0517,115EH,OPERATING SYSTEMS,21,9,30,0
14AG1A0517,115EM,SOFTWARE ENGINEERING,23,35,58,4
14AG1A0518,11505,COMPILER DESIGN LAB,21,44,65,2
14AG1A0518,11535,OPERATING SYSTEMS LAB,19,40,59,2
14AG1A0518,115AN,PRINCIPLES OF PROGRAMMING LANGUAGES,17,26,43,4
14AG1A0518,115AP,COMPILER DESIGN,20,26,46,4
14AG1A0518,115DT,COMPUTER NETWORKS,21,26,47,4
14AG1A0518,115DZ,HUMAN VALUES AND PROFESSIONAL ETHICS,15,26,41,4
14AG1A0518,115EH,OPERATING SYSTEMS,17,12,29,0
14AG1A0518,115EM,SOFTWARE ENGINEERING,20,17,37,0
14AG1A0519,11505,COMPILER DESIGN LAB,23,46,69,2
14AG1A0519,11535,OPERATING SYSTEMS LAB,20,49,69,2
14AG1A0519,115AN,PRINCIPLES OF PROGRAMMING LANGUAGES,21,27,48,4
14AG1A0519,115AP,COMPILER DESIGN,22,47,69,4
14AG1A0519,115DT,COMPUTER NETWORKS,23,32,55,4
14AG1A0519,115DZ,HUMAN VALUES AND PROFESSIONAL ETHICS,18,30,48,4
14AG1A0519,115EH,OPERATING SYSTEMS,20,36,56,4
14AG1A0519,115EM,SOFTWARE ENGINEERING,22,48,70,4
14AG1A0520,11505,COMPILER DESIGN LAB,23,47,70,2
14AG1A0520,11535,OPERATING SYSTEMS LAB,24,48,72,2
14AG1A0520,115AN,PRINCIPLES OF PROGRAMMING LANGUAGES,21,37,58,4
14AG1A0520,115AP,COMPILER DESIGN,23,45,68,4
14AG1A0520,115DT,COMPUTER NETWORKS,25,29,54,4
14AG1A0520,115DZ,HUMAN VALUES AND PROFESSIONAL ETHICS,19,34,53,4
14AG1A0520,115EH,OPERATING SYSTEMS,21,26,47,4
14AG1A0520,115EM,SOFTWARE ENGINEERING,23,30,53,4
14AG1A0522,11505,COMPILER DESIGN LAB,23,47,70,2
14AG1A0522,11535,OPERATING SYSTEMS LAB,25,50,75,2
14AG1A0522,115AN,PRINCIPLES OF PROGRAMMING LANGUAGES,21,38,59,4
14AG1A0522,115AP,COMPILER DESIGN,22,69,91,4
14AG1A0522,115DT,COMPUTER NETWORKS,24,33,57,4
14AG1A0522,115DZ,HUMAN VALUES AND PROFESSIONAL ETHICS,18,34,52,4
14AG1A0522,115EH,OPERATING SYSTEMS,20,28,48,4
14AG1A0522,115EM,SOFTWARE ENGINEERING,23,54,77,4
14AG1A0523,11505,COMPILER DESIGN LAB,22,46,68,2
14AG1A0523,11535,OPERATING SYSTEMS LAB,18,46,64,2
14AG1A0523,115AN,PRINCIPLES OF PROGRAMMING LANGUAGES,20,26,46,4
14AG1A0523,115AP,COMPILER DESIGN,22,51,73,4
14AG1A0523,115DT,COMPUTER NETWORKS,21,32,53,4
14AG1A0523,115DZ,HUMAN VALUES AND PROFESSIONAL ETHICS,18,38,56,4
14AG1A0523,115EH,OPERATING SYSTEMS,19,40,59,4
14AG1A0523,115EM,SOFTWARE ENGINEERING,21,39,60,4
14AG1A0524,11505,COMPILER DESIGN LAB,23,46,69,2
14AG1A0524,11535,OPERATING SYSTEMS LAB,24,48,72,2
14AG1A0524,115AN,PRINCIPLES OF PROGRAMMING LANGUAGES,21,38,59,4
14AG1A0524,115AP,COMPILER DESIGN,21,43,64,4
14AG1A0524,115DT,COMPUTER NETWORKS,22,28,50,4
14AG1A0524,115DZ,HUMAN VALUES AND PROFESSIONAL ETHICS,18,30,48,4
14AG1A0524,115EH,OPERATING SYSTEMS,20,26,46,4
14AG1A0524,115EM,SOFTWARE ENGINEERING,22,37,59,4
14AG1A0525,11505,COMPILER DESIGN LAB,14,45,59,2
14AG1A0525,11535,OPERATING SYSTEMS LAB,17,40,57,2
14AG1A0525,115AN,PRINCIPLES OF PROGRAMMING LANGUAGES,16,32,48,4
14AG1A0525,115AP,COMPILER DESIGN,19,27,46,4
14AG1A0525,115DT,COMPUTER NETWORKS,17,26,43,4
14AG1A0525,115DZ,HUMAN VALUES AND PROFESSIONAL ETHICS,17,32,49,4
14AG1A0525,115EH,OPERATING SYSTEMS,18,15,33,0
14AG1A0525,115EM,SOFTWARE ENGINEERING,20,28,48,4
14AG1A0526,11505,COMPILER DESIGN LAB,23,46,69,2
14AG1A0526,11535,OPERATING SYSTEMS LAB,21,42,63,2
14AG1A0526,115AN,PRINCIPLES OF PROGRAMMING LANGUAGES,18,7,25,0
14AG1A0526,115AP,COMPILER DESIGN,21,35,56,4
14AG1A0526,115DT,COMPUTER NETWORKS,23,26,49,4
14AG1A0526,115DZ,HUMAN VALUES AND PROFESSIONAL ETHICS,20,32,52,4
14AG1A0526,115EH,OPERATING SYSTEMS,15,9,24,0
14AG1A0526,115EM,SOFTWARE ENGINEERING,20,6,26,0
14AG1A0527,11505,COMPILER DESIGN LAB,21,45,66,2
14AG1A0527,11535,OPERATING SYSTEMS LAB,19,45,64,2
14AG1A0527,115AN,PRINCIPLES OF PROGRAMMING LANGUAGES,18,32,50,4
14AG1A0527,115AP,COMPILER DESIGN,19,36,55,4
14AG1A0527,115DT,COMPUTER NETWORKS,22,26,48,4
14AG1A0527,115DZ,HUMAN VALUES AND PROFESSIONAL ETHICS,17,34,51,4
14AG1A0527,115EH,OPERATING SYSTEMS,15,15,30,0
14AG1A0527,115EM,SOFTWARE ENGINEERING,20,13,33,0
14AG1A0528,11505,COMPILER DESIGN LAB,24,46,70,2
14AG1A0528,11535,OPERATING SYSTEMS LAB,25,46,71,2
14AG1A0528,115AN,PRINCIPLES OF PROGRAMMING LANGUAGES,17,11,28,0
14AG1A0528,115AP,COMPILER DESIGN,21,33,54,4
14AG1A0528,115DT,COMPUTER NETWORKS,21,26,47,4
14AG1A0528,115DZ,HUMAN VALUES AND PROFESSIONAL ETHICS,17,32,49,4
14AG1A0528,115EH,OPERATING SYSTEMS,15,12,27,0
14AG1A0528,115EM,SOFTWARE ENGINEERING,19,31,50,4
14AG1A0529,11505,COMPILER DESIGN LAB,21,45,66,2
14AG1A0529,11535,OPERATING SYSTEMS LAB,21,46,67,2
14AG1A0529,115AN,PRINCIPLES OF PROGRAMMING LANGUAGES,11,6,17,0
14AG1A0529,115AP,COMPILER DESIGN,18,28,46,4
14AG1A0529,115DT,COMPUTER NETWORKS,18,26,44,4
14AG1A0529,115DZ,HUMAN VALUES AND PROFESSIONAL ETHICS,18,12,30,0
14AG1A0529,115EH,OPERATING SYSTEMS,17,16,33,0
14AG1A0529,115EM,SOFTWARE ENGINEERING,18,10,28,0
14AG1A0530,11505,COMPILER DESIGN LAB,24,46,70,2
14AG1A0530,11535,OPERATING SYSTEMS LAB,22,49,71,2
14AG1A0530,115AN,PRINCIPLES OF PROGRAMMING LANGUAGES,22,26,48,4
14AG1A0530,115AP,COMPILER DESIGN,23,44,67,4
14AG1A0530,115DT,COMPUTER NETWORKS,22,26,48,4
14AG1A0530,115DZ,HUMAN VALUES AND PROFESSIONAL ETHICS,19,27,46,4
14AG1A0530,115EH,OPERATING SYSTEMS,19,30,49,4
14AG1A0530,115EM,SOFTWARE ENGINEERING,23,27,50,4
14AG1A0531,11505,COMPILER DESIGN LAB,23,48,71,2
14AG1A0531,11535,OPERATING SYSTEMS LAB,22,46,68,2
14AG1A0531,115AN,PRINCIPLES OF PROGRAMMING LANGUAGES,22,30,52,4
14AG1A0531,115AP,COMPILER DESIGN,23,46,69,4
14AG1A0531,115DT,COMPUTER NETWORKS,24,26,50,4
14AG1A0531,115DZ,HUMAN VALUES AND PROFESSIONAL ETHICS,18,30,48,4
14AG1A0531,115EH,OPERATING SYSTEMS,20,30,50,4
14AG1A0531,115EM,SOFTWARE ENGINEERING,23,33,56,4
14AG1A0532,11505,COMPILER DESIGN LAB,24,49,73,2
14AG1A0532,11535,OPERATING SYSTEMS LAB,24,50,74,2
14AG1A0532,115AN,PRINCIPLES OF PROGRAMMING LANGUAGES,21,31,52,4
14AG1A0532,115AP,COMPILER DESIGN,24,43,67,4
14AG1A0532,115DT,COMPUTER NETWORKS,25,26,51,4
14AG1A0532,115DZ,HUMAN VALUES AND PROFESSIONAL ETHICS,18,32,50,4
14AG1A0532,115EH,OPERATING SYSTEMS,23,29,52,4
14AG1A0532,115EM,SOFTWARE ENGINEERING,23,34,57,4
14AG1A0533,11505,COMPILER DESIGN LAB,23,47,70,2
14AG1A0533,11535,OPERATING SYSTEMS LAB,22,48,70,2
14AG1A0533,115AN,PRINCIPLES OF PROGRAMMING LANGUAGES,20,26,46,4
14AG1A0533,115AP,COMPILER DESIGN,22,35,57,4
14AG1A0533,115DT,COMPUTER NETWORKS,24,26,50,4
14AG1A0533,115DZ,HUMAN VALUES AND PROFESSIONAL ETHICS,17,32,49,4
14AG1A0533,115EH,OPERATING SYSTEMS,18,26,44,4
14AG1A0533,115EM,SOFTWARE ENGINEERING,21,30,51,4
14AG1A0534,11505,COMPILER DESIGN LAB,23,46,69,2
14AG1A0534,11535,OPERATING SYSTEMS LAB,22,48,70,2
14AG1A0534,115AN,PRINCIPLES OF PROGRAMMING LANGUAGES,20,29,49,4
14AG1A0534,115AP,COMPILER DESIGN,22,33,55,4
14AG1A0534,115DT,COMPUTER NETWORKS,23,26,49,4
14AG1A0534,115DZ,HUMAN VALUES AND PROFESSIONAL ETHICS,19,29,48,4
14AG1A0534,115EH,OPERATING SYSTEMS,22,29,51,4
14AG1A0534,115EM,SOFTWARE ENGINEERING,23,33,56,4
14AG1A0535,11505,COMPILER DESIGN LAB,20,44,64,2
14AG1A0535,11535,OPERATING SYSTEMS LAB,20,44,64,2
14AG1A0535,115AN,PRINCIPLES OF PROGRAMMING LANGUAGES,21,28,49,4
14AG1A0535,115AP,COMPILER DESIGN,21,30,51,4
14AG1A0535,115DT,COMPUTER NETWORKS,22,26,48,4
14AG1A0535,115DZ,HUMAN VALUES AND PROFESSIONAL ETHICS,19,32,51,4
14AG1A0535,115EH,OPERATING SYSTEMS,18,26,44,4
14AG1A0535,115EM,SOFTWARE ENGINEERING,20,26,46,4
14AG1A0536,11505,COMPILER DESIGN LAB,21,45,66,2
14AG1A0536,11535,OPERATING SYSTEMS LAB,23,43,66,2
14AG1A0536,115AN,PRINCIPLES OF PROGRAMMING LANGUAGES,20,26,46,4
14AG1A0536,115AP,COMPILER DESIGN,20,30,50,4
14AG1A0536,115DT,COMPUTER NETWORKS,25,27,52,4
14AG1A0536,115DZ,HUMAN VALUES AND PROFESSIONAL ETHICS,18,34,52,4
14AG1A0536,115EH,OPERATING SYSTEMS,18,12,30,0
14AG1A0536,115EM,SOFTWARE ENGINEERING,18,34,52,4
14AG1A0537,11505,COMPILER DESIGN LAB,22,45,67,2
14AG1A0537,11535,OPERATING SYSTEMS LAB,21,44,65,2
14AG1A0537,115AN,PRINCIPLES OF PROGRAMMING LANGUAGES,18,11,29,0
14AG1A0537,115AP,COMPILER DESIGN,18,28,46,4
14AG1A0537,115DT,COMPUTER NETWORKS,18,16,34,0
14AG1A0537,115DZ,HUMAN VALUES AND PROFESSIONAL ETHICS,15,29,44,4
14AG1A0537,115EH,OPERATING SYSTEMS,14,9,23,0
14AG1A0537,115EM,SOFTWARE ENGINEERING,21,26,47,4
14AG1A0538,11505,COMPILER DESIGN LAB,22,47,69,2
14AG1A0538,11535,OPERATING SYSTEMS LAB,23,46,69,2
14AG1A0538,115AN,PRINCIPLES OF PROGRAMMING LANGUAGES,21,26,47,4
14AG1A0538,115AP,COMPILER DESIGN,22,30,52,4
14AG1A0538,115DT,COMPUTER NETWORKS,23,26,49,4
14AG1A0538,115DZ,HUMAN VALUES AND PROFESSIONAL ETHICS,18,32,50,4
14AG1A0538,115EH,OPERATING SYSTEMS,18,31,49,4
14AG1A0538,115EM,SOFTWARE ENGINEERING,23,39,62,4
14AG1A0539,11505,COMPILER DESIGN LAB,23,46,69,2
14AG1A0539,11535,OPERATING SYSTEMS LAB,21,46,67,2
14AG1A0539,115AN,PRINCIPLES OF PROGRAMMING LANGUAGES,22,30,52,4
14AG1A0539,115AP,COMPILER DESIGN,21,36,57,4
14AG1A0539,115DT,COMPUTER NETWORKS,24,28,52,4
14AG1A0539,115DZ,HUMAN VALUES AND PROFESSIONAL ETHICS,18,34,52,4
14AG1A0539,115EH,OPERATING SYSTEMS,18,34,52,4
14AG1A0539,115EM,SOFTWARE ENGINEERING,20,37,57,4
14AG1A0540,11505,COMPILER DESIGN LAB,23,46,69,2
14AG1A0540,11535,OPERATING SYSTEMS LAB,23,43,66,2
14AG1A0540,115AN,PRINCIPLES OF PROGRAMMING LANGUAGES,22,26,48,4
14AG1A0540,115AP,COMPILER DESIGN,21,37,58,4
14AG1A0540,115DT,COMPUTER NETWORKS,23,30,53,4
14AG1A0540,115DZ,HUMAN VALUES AND PROFESSIONAL ETHICS,19,28,47,4
14AG1A0540,115EH,OPERATING SYSTEMS,20,16,36,0
14AG1A0540,115EM,SOFTWARE ENGINEERING,22,39,61,4
14AG1A0541,11505,COMPILER DESIGN LAB,22,47,69,2
14AG1A0541,11535,OPERATING SYSTEMS LAB,22,46,68,2
14AG1A0541,115AN,PRINCIPLES OF PROGRAMMING LANGUAGES,17,26,43,4
14AG1A0541,115AP,COMPILER DESIGN,22,27,49,4
14AG1A0541,115DT,COMPUTER NETWORKS,24,26,50,4
14AG1A0541,115DZ,HUMAN VALUES AND PROFESSIONAL ETHICS,12,22,34,0
14AG1A0541,115EH,OPERATING SYSTEMS,17,9,26,0
14AG1A0541,115EM,SOFTWARE ENGINEERING,20,34,54,4
14AG1A0542,11505,COMPILER DESIGN LAB,23,46,69,2
14AG1A0542,11535,OPERATING SYSTEMS LAB,20,47,67,2
14AG1A0542,115AN,PRINCIPLES OF PROGRAMMING LANGUAGES,20,27,47,4
14AG1A0542,115AP,COMPILER DESIGN,22,42,64,4
14AG1A0542,115DT,COMPUTER NETWORKS,22,27,49,4
14AG1A0542,115DZ,HUMAN VALUES AND PROFESSIONAL ETHICS,17,26,43,4
14AG1A0542,115EH,OPERATING SYSTEMS,21,26,47,4
14AG1A0542,115EM,SOFTWARE ENGINEERING,19,26,45,4
14AG1A0543,11505,COMPILER DESIGN LAB,22,46,68,2
14AG1A0543,11535,OPERATING SYSTEMS LAB,21,47,68,2
14AG1A0543,115AN,PRINCIPLES OF PROGRAMMING LANGUAGES,16,13,29,0
14AG1A0543,115AP,COMPILER DESIGN,21,38,59,4
14AG1A0543,115DT,COMPUTER NETWORKS,20,26,46,4
14AG1A0543,115DZ,HUMAN VALUES AND PROFESSIONAL ETHICS,16,26,42,4
14AG1A0543,115EH,OPERATING SYSTEMS,16,17,33,0
14AG1A0543,115EM,SOFTWARE ENGINEERING,21,10,31,0
14AG1A0544,11505,COMPILER DESIGN LAB,23,46,69,2
14AG1A0544,11535,OPERATING SYSTEMS LAB,18,45,63,2
14AG1A0544,115AN,PRINCIPLES OF PROGRAMMING LANGUAGES,20,15,35,0
14AG1A0544,115AP,COMPILER DESIGN,20,32,52,4
14AG1A0544,115DT,COMPUTER NETWORKS,21,26,47,4
14AG1A0544,115DZ,HUMAN VALUES AND PROFESSIONAL ETHICS,19,32,51,4
14AG1A0544,115EH,OPERATING SYSTEMS,15,26,41,4
14AG1A0544,115EM,SOFTWARE ENGINEERING,20,11,31,0
14AG1A0545,11505,COMPILER DESIGN LAB,22,47,69,2
14AG1A0545,11535,OPERATING SYSTEMS LAB,25,50,75,2
14AG1A0545,115AN,PRINCIPLES OF PROGRAMMING LANGUAGES,16,11,27,0
14AG1A0545,115AP,COMPILER DESIGN,19,26,45,4
14AG1A0545,115DT,COMPUTER NETWORKS,18,26,44,4
14AG1A0545,115DZ,HUMAN VALUES AND PROFESSIONAL ETHICS,15,26,41,4
14AG1A0545,115EH,OPERATING SYSTEMS,15,16,31,0
14AG1A0545,115EM,SOFTWARE ENGINEERING,14,40,54,4
14AG1A0546,11505,COMPILER DESIGN LAB,22,46,68,2
14AG1A0546,11535,OPERATING SYSTEMS LAB,22,46,68,2
14AG1A0546,115AN,PRINCIPLES OF PROGRAMMING LANGUAGES,20,33,53,4
14AG1A0546,115AP,COMPILER DESIGN,23,33,56,4
14AG1A0546,115DT,COMPUTER NETWORKS,23,28,51,4
14AG1A0546,115DZ,HUMAN VALUES AND PROFESSIONAL ETHICS,17,28,45,4
14AG1A0546,115EH,OPERATING SYSTEMS,19,15,34,0
14AG1A0546,115EM,SOFTWARE ENGINEERING,21,26,47,4
14AG1A0547,11505,COMPILER DESIGN LAB,21,45,66,2
14AG1A0547,11535,OPERATING SYSTEMS LAB,21,46,67,2
14AG1A0547,115AN,PRINCIPLES OF PROGRAMMING LANGUAGES,21,26,47,4
14AG1A0547,115AP,COMPILER DESIGN,20,26,46,4
14AG1A0547,115DT,COMPUTER NETWORKS,22,26,48,4
14AG1A0547,115DZ,HUMAN VALUES AND PROFESSIONAL ETHICS,18,19,37,0
14AG1A0547,115EH,OPERATING SYSTEMS,19,26,45,4
14AG1A0547,115EM,SOFTWARE ENGINEERING,21,26,47,4
14AG1A0548,11505,COMPILER DESIGN LAB,20,45,65,2
14AG1A0548,11535,OPERATING SYSTEMS LAB,18,45,63,2
14AG1A0548,115AN,PRINCIPLES OF PROGRAMMING LANGUAGES,18,26,44,4
14AG1A0548,115AP,COMPILER DESIGN,21,13,34,0
14AG1A0548,115DT,COMPUTER NETWORKS,22,26,48,4
14AG1A0548,115DZ,HUMAN VALUES AND PROFESSIONAL ETHICS,17,32,49,4
14AG1A0548,115EH,OPERATING SYSTEMS,18,26,44,4
14AG1A0548,115EM,SOFTWARE ENGINEERING,21,26,47,4
14AG1A0549,11505,COMPILER DESIGN LAB,24,46,70,2
14AG1A0549,11535,OPERATING SYSTEMS LAB,19,46,65,2
14AG1A0549,115AN,PRINCIPLES OF PROGRAMMING LANGUAGES,19,26,45,4
14AG1A0549,115AP,COMPILER DESIGN,19,11,30,0
14AG1A0549,115DT,COMPUTER NETWORKS,20,26,46,4
14AG1A0549,115DZ,HUMAN VALUES AND PROFESSIONAL ETHICS,18,32,50,4
14AG1A0549,115EH,OPERATING SYSTEMS,17,29,46,4
14AG1A0549,115EM,SOFTWARE ENGINEERING,20,26,46,4
14AG1A0550,11505,COMPILER DESIGN LAB,22,46,68,2
14AG1A0550,11535,OPERATING SYSTEMS LAB,22,49,71,2
14AG1A0550,115AN,PRINCIPLES OF PROGRAMMING LANGUAGES,18,26,44,4
14AG1A0550,115AP,COMPILER DESIGN,21,32,53,4
14AG1A0550,115DT,COMPUTER NETWORKS,24,26,50,4
14AG1A0550,115DZ,HUMAN VALUES AND PROFESSIONAL ETHICS,17,30,47,4
14AG1A0550,115EH,OPERATING SYSTEMS,16,29,45,4
14AG1A0550,115EM,SOFTWARE ENGINEERING,22,26,48,4
14AG1A0551,11505,COMPILER DESIGN LAB,23,47,70,2
14AG1A0551,11535,OPERATING SYSTEMS LAB,20,45,65,2
14AG1A0551,115AN,PRINCIPLES OF PROGRAMMING LANGUAGES,19,34,53,4
14AG1A0551,115AP,COMPILER DESIGN,21,26,47,4
14AG1A0551,115DT,COMPUTER NETWORKS,22,26,48,4
14AG1A0551,115DZ,HUMAN VALUES AND PROFESSIONAL ETHICS,18,28,46,4
14AG1A0551,115EH,OPERATING SYSTEMS,18,28,46,4
14AG1A0551,115EM,SOFTWARE ENGINEERING,20,16,36,0
14AG1A0552,11505,COMPILER DESIGN LAB,21,45,66,2
14AG1A0552,11535,OPERATING SYSTEMS LAB,21,45,66,2
14AG1A0552,115AN,PRINCIPLES OF PROGRAMMING LANGUAGES,20,26,46,4
14AG1A0552,115AP,COMPILER DESIGN,21,14,35,0
14AG1A0552,115DT,COMPUTER NETWORKS,21,26,47,4
14AG1A0552,115DZ,HUMAN VALUES AND PROFESSIONAL ETHICS,18,28,46,4
14AG1A0552,115EH,OPERATING SYSTEMS,19,30,49,4
14AG1A0552,115EM,SOFTWARE ENGINEERING,19,11,30,0
14AG1A0553,11505,COMPILER DESIGN LAB,22,45,67,2
14AG1A0553,11535,OPERATING SYSTEMS LAB,18,39,57,2
14AG1A0553,115AN,PRINCIPLES OF PROGRAMMING LANGUAGES,16,26,42,4
14AG1A0553,115AP,COMPILER DESIGN,18,10,28,0
14AG1A0553,115DT,COMPUTER NETWORKS,17,6,23,0
14AG1A0553,115DZ,HUMAN VALUES AND PROFESSIONAL ETHICS,14,20,34,0
14AG1A0553,115EH,OPERATING SYSTEMS,14,14,28,0
14AG1A0553,115EM,SOFTWARE ENGINEERING,18,5,23,0
14AG1A0555,11505,COMPILER DESIGN LAB,21,46,67,2
14AG1A0555,11535,OPERATING SYSTEMS LAB,23,49,72,2
14AG1A0555,115AN,PRINCIPLES OF PROGRAMMING LANGUAGES,18,29,47,4
14AG1A0555,115AP,COMPILER DESIGN,21,26,47,4
14AG1A0555,115DT,COMPUTER NETWORKS,23,27,50,4
14AG1A0555,115DZ,HUMAN VALUES AND PROFESSIONAL ETHICS,17,27,44,4
14AG1A0555,115EH,OPERATING SYSTEMS,18,26,44,4
14AG1A0555,115EM,SOFTWARE ENGINEERING,19,10,29,0
14AG1A0556,11505,COMPILER DESIGN LAB,23,46,69,2
14AG1A0556,11535,OPERATING SYSTEMS LAB,22,46,68,2
14AG1A0556,115AN,PRINCIPLES OF PROGRAMMING LANGUAGES,21,33,54,4
14AG1A0556,115AP,COMPILER DESIGN,21,26,47,4
14AG1A0556,115DT,COMPUTER NETWORKS,21,28,49,4
14AG1A0556,115DZ,HUMAN VALUES AND PROFESSIONAL ETHICS,20,22,42,0
14AG1A0556,115EH,OPERATING SYSTEMS,21,26,47,4
14AG1A0556,115EM,SOFTWARE ENGINEERING,20,14,34,0
14AG1A0557,11505,COMPILER DESIGN LAB,23,47,70,2
14AG1A0557,11535,OPERATING SYSTEMS LAB,22,45,67,2
14AG1A0557,115AN,PRINCIPLES OF PROGRAMMING LANGUAGES,20,26,46,4
14AG1A0557,115AP,COMPILER DESIGN,21,9,30,0
14AG1A0557,115DT,COMPUTER NETWORKS,21,12,33,0
14AG1A0557,115DZ,HUMAN VALUES AND PROFESSIONAL ETHICS,17,20,37,0
14AG1A0557,115EH,OPERATING SYSTEMS,19,26,45,4
14AG1A0557,115EM,SOFTWARE ENGINEERING,18,8,26,0
14AG1A0558,11505,COMPILER DESIGN LAB,20,44,64,2
14AG1A0558,11535,OPERATING SYSTEMS LAB,15,46,61,2
14AG1A0558,115AN,PRINCIPLES OF PROGRAMMING LANGUAGES,14,1,15,0
14AG1A0558,115AP,COMPILER DESIGN,18,6,24,0
14AG1A0558,115DT,COMPUTER NETWORKS,17,4,21,0
14AG1A0558,115DZ,HUMAN VALUES AND PROFESSIONAL ETHICS,15,21,36,0
14AG1A0558,115EH,OPERATING SYSTEMS,16,15,31,0
14AG1A0558,115EM,SOFTWARE ENGINEERING,15,26,41,4
14AG1A0559,11505,COMPILER DESIGN LAB,21,46,67,2
14AG1A0559,11535,OPERATING SYSTEMS LAB,22,48,70,2
14AG1A0559,115AN,PRINCIPLES OF PROGRAMMING LANGUAGES,21,26,47,4
14AG1A0559,115AP,COMPILER DESIGN,22,31,53,4
14AG1A0559,115DT,COMPUTER NETWORKS,22,31,53,4
14AG1A0559,115DZ,HUMAN VALUES AND PROFESSIONAL ETHICS,19,30,49,4
14AG1A0559,115EH,OPERATING SYSTEMS,20,30,50,4
14AG1A0559,115EM,SOFTWARE ENGINEERING,22,31,53,4
14AG1A0560,11505,COMPILER DESIGN LAB,20,45,65,2
14AG1A0560,11535,OPERATING SYSTEMS LAB,20,40,60,2
14AG1A0560,115AN,PRINCIPLES OF PROGRAMMING LANGUAGES,20,14,34,0
14AG1A0560,115AP,COMPILER DESIGN,21,40,61,4
14AG1A0560,115DT,COMPUTER NETWORKS,20,26,46,4
14AG1A0560,115DZ,HUMAN VALUES AND PROFESSIONAL ETHICS,17,30,47,4
14AG1A0560,115EH,OPERATING SYSTEMS,19,16,35,0
14AG1A0560,115EM,SOFTWARE ENGINEERING,19,3,22,0
14AG1A0561,11505,COMPILER DESIGN LAB,24,47,71,2
14AG1A0561,11535,OPERATING SYSTEMS LAB,22,46,68,2
14AG1A0561,115AN,PRINCIPLES OF PROGRAMMING LANGUAGES,22,39,61,4
14AG1A0561,115AP,COMPILER DESIGN,23,51,74,4
14AG1A0561,115DT,COMPUTER NETWORKS,24,38,62,4
14AG1A0561,115DZ,HUMAN VALUES AND PROFESSIONAL ETHICS,19,36,55,4
14AG1A0561,115EH,OPERATING SYSTEMS,22,46,68,4
14AG1A0561,115EM,SOFTWARE ENGINEERING,22,35,57,4
14AG1A0562,11505,COMPILER DESIGN LAB,25,49,74,2
14AG1A0562,11535,OPERATING SYSTEMS LAB,25,50,75,2
14AG1A0562,115AN,PRINCIPLES OF PROGRAMMING LANGUAGES,23,36,59,4
14AG1A0562,115AP,COMPILER DESIGN,23,48,71,4
14AG1A0562,115DT,COMPUTER NETWORKS,25,34,59,4
14AG1A0562,115DZ,HUMAN VALUES AND PROFESSIONAL ETHICS,20,30,50,4
14AG1A0562,115EH,OPERATING SYSTEMS,23,39,62,4
14AG1A0562,115EM,SOFTWARE ENGINEERING,23,29,52,4
14AG1A0563,11505,COMPILER DESIGN LAB,22,46,68,2
14AG1A0563,11535,OPERATING SYSTEMS LAB,21,47,68,2
14AG1A0563,115AN,PRINCIPLES OF PROGRAMMING LANGUAGES,19,11,30,0
14AG1A0563,115AP,COMPILER DESIGN,22,40,62,4
14AG1A0563,115DT,COMPUTER NETWORKS,23,26,49,4
14AG1A0563,115DZ,HUMAN VALUES AND PROFESSIONAL ETHICS,17,30,47,4
14AG1A0563,115EH,OPERATING SYSTEMS,20,16,36,0
14AG1A0563,115EM,SOFTWARE ENGINEERING,21,16,37,0
14AG1A0564,11505,COMPILER DESIGN LAB,24,47,71,2
14AG1A0564,11535,OPERATING SYSTEMS LAB,21,44,65,2
14AG1A0564,115AN,PRINCIPLES OF PROGRAMMING LANGUAGES,19,28,47,4
14AG1A0564,115AP,COMPILER DESIGN,23,52,75,4
14AG1A0564,115DT,COMPUTER NETWORKS,22,26,48,4
14AG1A0564,115DZ,HUMAN VALUES AND PROFESSIONAL ETHICS,18,36,54,4
14AG1A0564,115EH,OPERATING SYSTEMS,20,37,57,4
14AG1A0564,115EM,SOFTWARE ENGINEERING,22,18,40,0
14AG1A0565,11505,COMPILER DESIGN LAB,21,46,67,2
14AG1A0565,11535,OPERATING SYSTEMS LAB,23,45,68,2
14AG1A0565,115AN,PRINCIPLES OF PROGRAMMING LANGUAGES,21,29,50,4
14AG1A0565,115AP,COMPILER DESIGN,22,46,68,4
14AG1A0565,115DT,COMPUTER NETWORKS,22,34,56,4
14AG1A0565,115DZ,HUMAN VALUES AND PROFESSIONAL ETHICS,18,32,50,4
14AG1A0565,115EH,OPERATING SYSTEMS,22,31,53,4
14AG1A0565,115EM,SOFTWARE ENGINEERING,22,39,61,4
14AG1A0566,11505,COMPILER DESIGN LAB,22,46,68,2
14AG1A0566,11535,OPERATING SYSTEMS LAB,23,47,70,2
14AG1A0566,115AN,PRINCIPLES OF PROGRAMMING LANGUAGES,20,31,51,4
14AG1A0566,115AP,COMPILER DESIGN,20,46,66,4
14AG1A0566,115DT,COMPUTER NETWORKS,22,29,51,4
14AG1A0566,115DZ,HUMAN VALUES AND PROFESSIONAL ETHICS,18,29,47,4
14AG1A0566,115EH,OPERATING SYSTEMS,18,29,47,4
14AG1A0566,115EM,SOFTWARE ENGINEERING,18,26,44,4
14AG1A0567,11505,COMPILER DESIGN LAB,19,45,64,2
14AG1A0567,11535,OPERATING SYSTEMS LAB,18,48,66,2
14AG1A0567,115AN,PRINCIPLES OF PROGRAMMING LANGUAGES,20,26,46,4
14AG1A0567,115AP,COMPILER DESIGN,20,32,52,4
14AG1A0567,115DT,COMPUTER NETWORKS,21,29,50,4
14AG1A0567,115DZ,HUMAN VALUES AND PROFESSIONAL ETHICS,19,30,49,4
14AG1A0567,115EH,OPERATING SYSTEMS,16,31,47,4
14AG1A0567,115EM,SOFTWARE ENGINEERING,21,26,47,4
14AG1A0568,11505,COMPILER DESIGN LAB,24,49,73,2
14AG1A0568,11535,OPERATING SYSTEMS LAB,25,50,75,2
14AG1A0568,115AN,PRINCIPLES OF PROGRAMMING LANGUAGES,23,33,56,4
14AG1A0568,115AP,COMPILER DESIGN,23,56,79,4
14AG1A0568,115DT,COMPUTER NETWORKS,24,33,57,4
14AG1A0568,115DZ,HUMAN VALUES AND PROFESSIONAL ETHICS,18,34,52,4
14AG1A0568,115EH,OPERATING SYSTEMS,22,49,71,4
14AG1A0568,115EM,SOFTWARE ENGINEERING,23,39,62,4
14AG1A0569,11505,COMPILER DESIGN LAB,24,48,72,2
14AG1A0569,11535,OPERATING SYSTEMS LAB,21,48,69,2
14AG1A0569,115AN,PRINCIPLES OF PROGRAMMING LANGUAGES,21,26,47,4
14AG1A0569,115AP,COMPILER DESIGN,22,26,48,4
14AG1A0569,115DT,COMPUTER NETWORKS,24,26,50,4
14AG1A0569,115DZ,HUMAN VALUES AND PROFESSIONAL ETHICS,19,27,46,4
14AG1A0569,115EH,OPERATING SYSTEMS,18,26,44,4
14AG1A0569,115EM,SOFTWARE ENGINEERING,22,14,36,0
14AG1A0570,11505,COMPILER DESIGN LAB,20,46,66,2
14AG1A0570,11535,OPERATING SYSTEMS LAB,21,48,69,2
14AG1A0570,115AN,PRINCIPLES OF PROGRAMMING LANGUAGES,20,12,32,0
14AG1A0570,115AP,COMPILER DESIGN,19,26,45,4
14AG1A0570,115DT,COMPUTER NETWORKS,23,31,54,4
14AG1A0570,115DZ,HUMAN VALUES AND PROFESSIONAL ETHICS,18,30,48,4
14AG1A0570,115EH,OPERATING SYSTEMS,20,12,32,0
14AG1A0570,115EM,SOFTWARE ENGINEERING,21,13,34,0
14AG1A0571,11505,COMPILER DESIGN LAB,23,48,71,2
14AG1A0571,11535,OPERATING SYSTEMS LAB,22,49,71,2
14AG1A0571,115AN,PRINCIPLES OF PROGRAMMING LANGUAGES,21,26,47,4
14AG1A0571,115AP,COMPILER DESIGN,20,29,49,4
14AG1A0571,115DT,COMPUTER NETWORKS,23,34,57,4
14AG1A0571,115DZ,HUMAN VALUES AND PROFESSIONAL ETHICS,19,30,49,4
14AG1A0571,115EH,OPERATING SYSTEMS,21,15,36,0
14AG1A0571,115EM,SOFTWARE ENGINEERING,22,9,31,0
14AG1A0572,11505,COMPILER DESIGN LAB,21,46,67,2
14AG1A0572,11535,OPERATING SYSTEMS LAB,24,48,72,2
14AG1A0572,115AN,PRINCIPLES OF PROGRAMMING LANGUAGES,21,26,47,4
14AG1A0572,115AP,COMPILER DESIGN,21,28,49,4
14AG1A0572,115DT,COMPUTER NETWORKS,22,16,38,0
14AG1A0572,115DZ,HUMAN VALUES AND PROFESSIONAL ETHICS,20,26,46,4
14AG1A0572,115EH,OPERATING SYSTEMS,23,26,49,4
14AG1A0572,115EM,SOFTWARE ENGINEERING,20,27,47,4
14AG1A0573,11505,COMPILER DESIGN LAB,23,46,69,2
14AG1A0573,11535,OPERATING SYSTEMS LAB,22,48,70,2
14AG1A0573,115AN,PRINCIPLES OF PROGRAMMING LANGUAGES,19,34,53,4
14AG1A0573,115AP,COMPILER DESIGN,20,36,56,4
14AG1A0573,115DT,COMPUTER NETWORKS,22,26,48,4
14AG1A0573,115DZ,HUMAN VALUES AND PROFESSIONAL ETHICS,19,30,49,4
14AG1A0573,115EH,OPERATING SYSTEMS,19,29,48,4
14AG1A0573,115EM,SOFTWARE ENGINEERING,20,9,29,0
14AG1A0574,11505,COMPILER DESIGN LAB,19,42,61,2
14AG1A0574,11535,OPERATING SYSTEMS LAB,17,40,57,2
14AG1A0574,115AN,PRINCIPLES OF PROGRAMMING LANGUAGES,15,10,25,0
14AG1A0574,115AP,COMPILER DESIGN,10,2,12,0
14AG1A0574,115DT,COMPUTER NETWORKS,15,14,29,0
14AG1A0574,115DZ,HUMAN VALUES AND PROFESSIONAL ETHICS,11,22,33,0
14AG1A0574,115EH,OPERATING SYSTEMS,9,4,13,0
14AG1A0574,115EM,SOFTWARE ENGINEERING,14,0,14,0
14AG1A0575,11505,COMPILER DESIGN LAB,21,45,66,2
14AG1A0575,11535,OPERATING SYSTEMS LAB,21,43,64,2
14AG1A0575,115AN,PRINCIPLES OF PROGRAMMING LANGUAGES,20,26,46,4
14AG1A0575,115AP,COMPILER DESIGN,19,35,54,4
14AG1A0575,115DT,COMPUTER NETWORKS,22,26,48,4
14AG1A0575,115DZ,HUMAN VALUES AND PROFESSIONAL ETHICS,20,30,50,4
14AG1A0575,115EH,OPERATING SYSTEMS,15,17,32,0
14AG1A0575,115EM,SOFTWARE ENGINEERING,17,6,23,0
14AG1A0576,11505,COMPILER DESIGN LAB,24,46,70,2
14AG1A0576,11535,OPERATING SYSTEMS LAB,22,49,71,2
14AG1A0576,115AN,PRINCIPLES OF PROGRAMMING LANGUAGES,18,15,33,0
14AG1A0576,115AP,COMPILER DESIGN,21,7,28,0
14AG1A0576,115DT,COMPUTER NETWORKS,19,26,45,4
14AG1A0576,115DZ,HUMAN VALUES AND PROFESSIONAL ETHICS,18,30,48,4
14AG1A0576,115EH,OPERATING SYSTEMS,20,17,37,0
14AG1A0576,115EM,SOFTWARE ENGINEERING,21,9,30,0
14AG1A0577,11505,COMPILER DESIGN LAB,14,38,52,2
14AG1A0577,11535,OPERATING SYSTEMS LAB,17,43,60,2
14AG1A0577,115AN,PRINCIPLES OF PROGRAMMING LANGUAGES,10,3,13,0
14AG1A0577,115AP,COMPILER DESIGN,14,0,14,0
14AG1A0577,115DT,COMPUTER NETWORKS,17,3,20,0
14AG1A0577,115DZ,HUMAN VALUES AND PROFESSIONAL ETHICS,15,18,33,0
14AG1A0577,115EH,OPERATING SYSTEMS,10,11,21,0
14AG1A0577,115EM,SOFTWARE ENGINEERING,14,0,14,0
14AG1A0578,11505,COMPILER DESIGN LAB,23,47,70,2
14AG1A0578,11535,OPERATING SYSTEMS LAB,23,48,71,2
14AG1A0578,115AN,PRINCIPLES OF PROGRAMMING LANGUAGES,20,38,58,4
14AG1A0578,115AP,COMPILER DESIGN,22,37,59,4
14AG1A0578,115DT,COMPUTER NETWORKS,22,28,50,4
14AG1A0578,115DZ,HUMAN VALUES AND PROFESSIONAL ETHICS,18,35,53,4
14AG1A0578,115EH,OPERATING SYSTEMS,23,44,67,4
14AG1A0578,115EM,SOFTWARE ENGINEERING,21,34,55,4
14AG1A0579,11505,COMPILER DESIGN LAB,25,49,74,2
14AG1A0579,11535,OPERATING SYSTEMS LAB,25,50,75,2
14AG1A0579,115AN,PRINCIPLES OF PROGRAMMING LANGUAGES,24,37,61,4
14AG1A0579,115AP,COMPILER DESIGN,24,35,59,4
14AG1A0579,115DT,COMPUTER NETWORKS,25,30,55,4
14AG1A0579,115DZ,HUMAN VALUES AND PROFESSIONAL ETHICS,19,40,59,4
14AG1A0579,115EH,OPERATING SYSTEMS,22,38,60,4
14AG1A0579,115EM,SOFTWARE ENGINEERING,22,39,61,4
14AG1A0580,11505,COMPILER DESIGN LAB,20,47,67,2
14AG1A0580,11535,OPERATING SYSTEMS LAB,24,47,71,2
14AG1A0580,115AN,PRINCIPLES OF PROGRAMMING LANGUAGES,21,26,47,4
14AG1A0580,115AP,COMPILER DESIGN,21,32,53,4
14AG1A0580,115DT,COMPUTER NETWORKS,23,26,49,4
14AG1A0580,115DZ,HUMAN VALUES AND PROFESSIONAL ETHICS,18,30,48,4
14AG1A0580,115EH,OPERATING SYSTEMS,19,26,45,4
14AG1A0580,115EM,SOFTWARE ENGINEERING,21,31,52,4
14AG1A0581,11505,COMPILER DESIGN LAB,21,43,64,2
14AG1A0581,11535,OPERATING SYSTEMS LAB,20,39,59,2
14AG1A0581,115AN,PRINCIPLES OF PROGRAMMING LANGUAGES,18,14,32,0
14AG1A0581,115AP,COMPILER DESIGN,17,7,24,0
14AG1A0581,115DT,COMPUTER NETWORKS,19,9,28,0
14AG1A0581,115DZ,HUMAN VALUES AND PROFESSIONAL ETHICS,14,30,44,4
14AG1A0581,115EH,OPERATING SYSTEMS,15,13,28,0
14AG1A0581,115EM,SOFTWARE ENGINEERING,16,16,32,0
14AG1A0582,11505,COMPILER DESIGN LAB,24,49,73,2
14AG1A0582,11535,OPERATING SYSTEMS LAB,24,50,74,2
14AG1A0582,115AN,PRINCIPLES OF PROGRAMMING LANGUAGES,22,26,48,4
14AG1A0582,115AP,COMPILER DESIGN,23,37,60,4
14AG1A0582,115DT,COMPUTER NETWORKS,25,26,51,4
14AG1A0582,115DZ,HUMAN VALUES AND PROFESSIONAL ETHICS,19,29,48,4
14AG1A0582,115EH,OPERATING SYSTEMS,23,26,49,4
14AG1A0582,115EM,SOFTWARE ENGINEERING,23,35,58,4
14AG1A0583,11505,COMPILER DESIGN LAB,23,47,70,2
14AG1A0583,11535,OPERATING SYSTEMS LAB,23,49,72,2
14AG1A0583,115AN,PRINCIPLES OF PROGRAMMING LANGUAGES,21,33,54,4
14AG1A0583,115AP,COMPILER DESIGN,21,54,75,4
14AG1A0583,115DT,COMPUTER NETWORKS,24,26,50,4
14AG1A0583,115DZ,HUMAN VALUES AND PROFESSIONAL ETHICS,19,40,59,4
14AG1A0583,115EH,OPERATING SYSTEMS,19,32,51,4
14AG1A0583,115EM,SOFTWARE ENGINEERING,23,34,57,4
14AG1A0584,11505,COMPILER DESIGN LAB,24,48,72,2
14AG1A0584,11535,OPERATING SYSTEMS LAB,24,50,74,2
14AG1A0584,115AN,PRINCIPLES OF PROGRAMMING LANGUAGES,21,33,54,4
14AG1A0584,115AP,COMPILER DESIGN,23,28,51,4
14AG1A0584,115DT,COMPUTER NETWORKS,24,35,59,4
14AG1A0584,115DZ,HUMAN VALUES AND PROFESSIONAL ETHICS,20,39,59,4
14AG1A0584,115EH,OPERATING SYSTEMS,23,31,54,4
14AG1A0584,115EM,SOFTWARE ENGINEERING,23,40,63,4
14AG1A0585,11505,COMPILER DESIGN LAB,23,48,71,2
14AG1A0585,11535,OPERATING SYSTEMS LAB,21,49,70,2
14AG1A0585,115AN,PRINCIPLES OF PROGRAMMING LANGUAGES,17,16,33,0
14AG1A0585,115AP,COMPILER DESIGN,20,16,36,0
14AG1A0585,115DT,COMPUTER NETWORKS,21,26,47,4
14AG1A0585,115DZ,HUMAN VALUES AND PROFESSIONAL ETHICS,17,32,49,4
14AG1A0585,115EH,OPERATING SYSTEMS,17,8,25,0
14AG1A0585,115EM,SOFTWARE ENGINEERING,21,13,34,0
14AG1A0586,11505,COMPILER DESIGN LAB,23,47,70,2
14AG1A0586,11535,OPERATING SYSTEMS LAB,21,44,65,2
14AG1A0586,115AN,PRINCIPLES OF PROGRAMMING LANGUAGES,13,13,26,0
14AG1A0586,115AP,COMPILER DESIGN,14,26,40,4
14AG1A0586,115DT,COMPUTER NETWORKS,14,26,40,4
14AG1A0586,115DZ,HUMAN VALUES AND PROFESSIONAL ETHICS,16,47,63,4
14AG1A0586,115EH,OPERATING SYSTEMS,14,28,42,4
14AG1A0586,115EM,SOFTWARE ENGINEERING,13,37,50,4
14AG1A0587,11505,COMPILER DESIGN LAB,22,46,68,2
14AG1A0587,11535,OPERATING SYSTEMS LAB,19,47,66,2
14AG1A0587,115AN,PRINCIPLES OF PROGRAMMING LANGUAGES,18,32,50,4
14AG1A0587,115AP,COMPILER DESIGN,12,28,40,4
14AG1A0587,115DT,COMPUTER NETWORKS,22,26,48,4
14AG1A0587,115DZ,HUMAN VALUES AND PROFESSIONAL ETHICS,17,38,55,4
14AG1A0587,115EH,OPERATING SYSTEMS,19,36,55,4
14AG1A0587,115EM,SOFTWARE ENGINEERING,18,35,53,4
14AG1A0588,11505,COMPILER DESIGN LAB,22,46,68,2
14AG1A0588,11535,OPERATING SYSTEMS LAB,24,49,73,2
14AG1A0588,115AN,PRINCIPLES OF PROGRAMMING LANGUAGES,21,27,48,4
14AG1A0588,115AP,COMPILER DESIGN,22,31,53,4
14AG1A0588,115DT,COMPUTER NETWORKS,25,26,51,4
14AG1A0588,115DZ,HUMAN VALUES AND PROFESSIONAL ETHICS,16,40,56,4
14AG1A0588,115EH,OPERATING SYSTEMS,21,31,52,4
14AG1A0588,115EM,SOFTWARE ENGINEERING,23,35,58,4
14AG1A0589,11505,COMPILER DESIGN LAB,23,47,70,2
14AG1A0589,11535,OPERATING SYSTEMS LAB,23,48,71,2
14AG1A0589,115AN,PRINCIPLES OF PROGRAMMING LANGUAGES,18,28,46,4
14AG1A0589,115AP,COMPILER DESIGN,22,26,48,4
14AG1A0589,115DT,COMPUTER NETWORKS,21,26,47,4
14AG1A0589,115DZ,HUMAN VALUES AND PROFESSIONAL ETHICS,19,36,55,4
14AG1A0589,115EH,OPERATING SYSTEMS,18,33,51,4
14AG1A0589,115EM,SOFTWARE ENGINEERING,19,30,49,4
14AG1A0590,11505,COMPILER DESIGN LAB,21,47,68,2
14AG1A0590,11535,OPERATING SYSTEMS LAB,17,47,64,2
14AG1A0590,115AN,PRINCIPLES OF PROGRAMMING LANGUAGES,18,15,33,0
14AG1A0590,115AP,COMPILER DESIGN,19,26,45,4
14AG1A0590,115DT,COMPUTER NETWORKS,20,17,37,0
14AG1A0590,115DZ,HUMAN VALUES AND PROFESSIONAL ETHICS,19,41,60,4
14AG1A0590,115EH,OPERATING SYSTEMS,19,17,36,0
14AG1A0590,115EM,SOFTWARE ENGINEERING,17,27,44,4
14AG1A0591,11505,COMPILER DESIGN LAB,23,46,69,2
14AG1A0591,11535,OPERATING SYSTEMS LAB,20,45,65,2
14AG1A0591,115AN,PRINCIPLES OF PROGRAMMING LANGUAGES,18,15,33,0
14AG1A0591,115AP,COMPILER DESIGN,20,27,47,4
14AG1A0591,115DT,COMPUTER NETWORKS,19,26,45,4
14AG1A0591,115DZ,HUMAN VALUES AND PROFESSIONAL ETHICS,17,41,58,4
14AG1A0591,115EH,OPERATING SYSTEMS,17,30,47,4
14AG1A0591,115EM,SOFTWARE ENGINEERING,19,28,47,4
14AG1A0592,11505,COMPILER DESIGN LAB,23,48,71,2
14AG1A0592,11535,OPERATING SYSTEMS LAB,23,47,70,2
14AG1A0592,115AN,PRINCIPLES OF PROGRAMMING LANGUAGES,19,29,48,4
14AG1A0592,115AP,COMPILER DESIGN,22,34,56,4
14AG1A0592,115DT,COMPUTER NETWORKS,22,26,48,4
14AG1A0592,115DZ,HUMAN VALUES AND PROFESSIONAL ETHICS,20,41,61,4
14AG1A0592,115EH,OPERATING SYSTEMS,23,14,37,0
14AG1A0592,115EM,SOFTWARE ENGINEERING,23,40,63,4
14AG1A0593,11505,COMPILER DESIGN LAB,23,46,69,2
14AG1A0593,11535,OPERATING SYSTEMS LAB,21,46,67,2
14AG1A0593,115AN,PRINCIPLES OF PROGRAMMING LANGUAGES,20,26,46,4
14AG1A0593,115AP,COMPILER DESIGN,21,9,30,0
14AG1A0593,115DT,COMPUTER NETWORKS,20,28,48,4
14AG1A0593,115DZ,HUMAN VALUES AND PROFESSIONAL ETHICS,18,42,60,4
14AG1A0593,115EH,OPERATING SYSTEMS,20,28,48,4
14AG1A0593,115EM,SOFTWARE ENGINEERING,23,41,64,4
14AG1A0594,11505,COMPILER DESIGN LAB,22,45,67,2
14AG1A0594,11535,OPERATING SYSTEMS LAB,21,45,66,2
14AG1A0594,115AN,PRINCIPLES OF PROGRAMMING LANGUAGES,16,26,42,4
14AG1A0594,115AP,COMPILER DESIGN,20,26,46,4
14AG1A0594,115DT,COMPUTER NETWORKS,21,26,47,4
14AG1A0594,115DZ,HUMAN VALUES AND PROFESSIONAL ETHICS,19,27,46,4
14AG1A0594,115EH,OPERATING SYSTEMS,19,26,45,4
14AG1A0594,115EM,SOFTWARE ENGINEERING,21,33,54,4
14AG1A0595,11505,COMPILER DESIGN LAB,22,47,69,2
14AG1A0595,11535,OPERATING SYSTEMS LAB,22,45,67,2
14AG1A0595,115AN,PRINCIPLES OF PROGRAMMING LANGUAGES,18,29,47,4
14AG1A0595,115AP,COMPILER DESIGN,20,32,52,4
14AG1A0595,115DT,COMPUTER NETWORKS,22,29,51,4
14AG1A0595,115DZ,HUMAN VALUES AND PROFESSIONAL ETHICS,20,38,58,4
14AG1A0595,115EH,OPERATING SYSTEMS,19,30,49,4
14AG1A0595,115EM,SOFTWARE ENGINEERING,22,44,66,4
14AG1A0596,11505,COMPILER DESIGN LAB,21,45,66,2
14AG1A0596,11535,OPERATING SYSTEMS LAB,19,38,57,2
14AG1A0596,115AN,PRINCIPLES OF PROGRAMMING LANGUAGES,18,27,45,4
14AG1A0596,115AP,COMPILER DESIGN,19,10,29,0
14AG1A0596,115DT,COMPUTER NETWORKS,21,26,47,4
14AG1A0596,115DZ,HUMAN VALUES AND PROFESSIONAL ETHICS,18,30,48,4
14AG1A0596,115EH,OPERATING SYSTEMS,20,27,47,4
14AG1A0596,115EM,SOFTWARE ENGINEERING,19,26,45,4
14AG1A0597,11505,COMPILER DESIGN LAB,22,46,68,2
14AG1A0597,11535,OPERATING SYSTEMS LAB,21,47,68,2
14AG1A0597,115AN,PRINCIPLES OF PROGRAMMING LANGUAGES,18,14,32,0
14AG1A0597,115AP,COMPILER DESIGN,20,15,35,0
14AG1A0597,115DT,COMPUTER NETWORKS,21,26,47,4
14AG1A0597,115DZ,HUMAN VALUES AND PROFESSIONAL ETHICS,18,31,49,4
14AG1A0597,115EH,OPERATING SYSTEMS,18,11,29,0
14AG1A0597,115EM,SOFTWARE ENGINEERING,17,26,43,4
14AG1A0598,11505,COMPILER DESIGN LAB,20,45,65,2
14AG1A0598,11535,OPERATING SYSTEMS LAB,16,39,55,2
14AG1A0598,115AN,PRINCIPLES OF PROGRAMMING LANGUAGES,12,15,27,0
14AG1A0598,115AP,COMPILER DESIGN,16,8,24,0
14AG1A0598,115DT,COMPUTER NETWORKS,20,28,48,4
14AG1A0598,115DZ,HUMAN VALUES AND PROFESSIONAL ETHICS,16,35,51,4
14AG1A0598,115EH,OPERATING SYSTEMS,13,18,31,0
14AG1A0598,115EM,SOFTWARE ENGINEERING,17,8,25,0
14AG1A0599,11505,COMPILER DESIGN LAB,22,45,67,2
14AG1A0599,11535,OPERATING SYSTEMS LAB,22,47,69,2
14AG1A0599,115AN,PRINCIPLES OF PROGRAMMING LANGUAGES,18,28,46,4
14AG1A0599,115AP,COMPILER DESIGN,21,15,36,0
14AG1A0599,115DT,COMPUTER NETWORKS,24,34,58,4
14AG1A0599,115DZ,HUMAN VALUES AND PROFESSIONAL ETHICS,19,37,56,4
14AG1A0599,115EH,OPERATING SYSTEMS,17,27,44,4
14AG1A0599,115EM,SOFTWARE ENGINEERING,22,46,68,4
14AG1A05A0,11505,COMPILER DESIGN LAB,22,46,68,2
14AG1A05A0,11535,OPERATING SYSTEMS LAB,22,39,61,2
14AG1A05A0,115AN,PRINCIPLES OF PROGRAMMING LANGUAGES,12,14,26,0
14AG1A05A0,115AP,COMPILER DESIGN,18,8,26,0
14AG1A05A0,115DT,COMPUTER NETWORKS,17,15,32,0
14AG1A05A0,115DZ,HUMAN VALUES AND PROFESSIONAL ETHICS,13,28,41,4
14AG1A05A0,115EH,OPERATING SYSTEMS,12,11,23,0
14AG1A05A0,115EM,SOFTWARE ENGINEERING,17,27,44,4
14AG1A05A1,11505,COMPILER DESIGN LAB,19,45,64,2
14AG1A05A1,11535,OPERATING SYSTEMS LAB,17,44,61,2
14AG1A05A1,115AN,PRINCIPLES OF PROGRAMMING LANGUAGES,16,26,42,4
14AG1A05A1,115AP,COMPILER DESIGN,18,26,44,4
14AG1A05A1,115DT,COMPUTER NETWORKS,16,27,43,4
14AG1A05A1,115DZ,HUMAN VALUES AND PROFESSIONAL ETHICS,16,30,46,4
14AG1A05A1,115EH,OPERATING SYSTEMS,14,11,25,0
14AG1A05A1,115EM,SOFTWARE ENGINEERING,18,27,45,4
14AG1A05A3,11505,COMPILER DESIGN LAB,19,46,65,2
14AG1A05A3,11535,OPERATING SYSTEMS LAB,18,37,55,2
14AG1A05A3,115AN,PRINCIPLES OF PROGRAMMING LANGUAGES,15,15,30,0
14AG1A05A3,115AP,COMPILER DESIGN,18,4,22,0
14AG1A05A3,115DT,COMPUTER NETWORKS,20,26,46,4
14AG1A05A3,115DZ,HUMAN VALUES AND PROFESSIONAL ETHICS,11,26,37,0
14AG1A05A3,115EH,OPERATING SYSTEMS,14,26,40,4
14AG1A05A3,115EM,SOFTWARE ENGINEERING,17,26,43,4
14AG1A05A4,11505,COMPILER DESIGN LAB,22,46,68,2
14AG1A05A4,11535,OPERATING SYSTEMS LAB,22,46,68,2
14AG1A05A4,115AN,PRINCIPLES OF PROGRAMMING LANGUAGES,21,26,47,4
14AG1A05A4,115AP,COMPILER DESIGN,21,11,32,0
14AG1A05A4,115DT,COMPUTER NETWORKS,23,26,49,4
14AG1A05A4,115DZ,HUMAN VALUES AND PROFESSIONAL ETHICS,19,30,49,4
14AG1A05A4,115EH,OPERATING SYSTEMS,19,12,31,0
14AG1A05A4,115EM,SOFTWARE ENGINEERING,21,42,63,4
14AG1A05A5,11505,COMPILER DESIGN LAB,23,47,70,2
14AG1A05A5,11535,OPERATING SYSTEMS LAB,22,45,67,2
14AG1A05A5,115AN,PRINCIPLES OF PROGRAMMING LANGUAGES,17,28,45,4
14AG1A05A5,115AP,COMPILER DESIGN,20,12,32,0
14AG1A05A5,115DT,COMPUTER NETWORKS,20,26,46,4
14AG1A05A5,115DZ,HUMAN VALUES AND PROFESSIONAL ETHICS,17,27,44,4
14AG1A05A5,115EH,OPERATING SYSTEMS,16,29,45,4
14AG1A05A5,115EM,SOFTWARE ENGINEERING,19,33,52,4
14AG5A0503,115AN,PRINCIPLES OF PROGRAMMING LANGUAGES,3,17,20,0
14AG5A0503,115EH,OPERATING SYSTEMS,8,0,8,0
15AG5A0501,11505,COMPILER DESIGN LAB,23,46,69,2
15AG5A0501,11535,OPERATING SYSTEMS LAB,21,49,70,2
15AG5A0501,115AN,PRINCIPLES OF PROGRAMMING LANGUAGES,18,32,50,4
15AG5A0501,115AP,COMPILER DESIGN,22,30,52,4
15AG5A0501,115DT,COMPUTER NETWORKS,22,26,48,4
15AG5A0501,115DZ,HUMAN VALUES AND PROFESSIONAL ETHICS,17,29,46,4
15AG5A0501,115EH,OPERATING SYSTEMS,20,27,47,4
15AG5A0501,115EM,SOFTWARE ENGINEERING,20,30,50,4
15AG5A0502,11505,COMPILER DESIGN LAB,19,44,63,2
15AG5A0502,11535,OPERATING SYSTEMS LAB,16,35,51,2
15AG5A0502,115AN,PRINCIPLES OF PROGRAMMING LANGUAGES,16,14,30,0
15AG5A0502,115AP,COMPILER DESIGN,18,6,24,0
15AG5A0502,115DT,COMPUTER NETWORKS,19,14,33,0
15AG5A0502,115DZ,HUMAN VALUES AND PROFESSIONAL ETHICS,16,18,34,0
15AG5A0502,115EH,OPERATING SYSTEMS,15,8,23,0
15AG5A0502,115EM,SOFTWARE ENGINEERING,16,16,32,0
15AG5A0503,11505,COMPILER DESIGN LAB,22,46,68,2
15AG5A0503,11535,OPERATING SYSTEMS LAB,19,42,61,2
15AG5A0503,115AN,PRINCIPLES OF PROGRAMMING LANGUAGES,18,26,44,4
15AG5A0503,115AP,COMPILER DESIGN,20,11,31,0
15AG5A0503,115DT,COMPUTER NETWORKS,20,0,20,0
15AG5A0503,115DZ,HUMAN VALUES AND PROFESSIONAL ETHICS,14,26,40,4
15AG5A0503,115EH,OPERATING SYSTEMS,14,9,23,0
15AG5A0503,115EM,SOFTWARE ENGINEERING,18,26,44,4
15AG5A0504,11505,COMPILER DESIGN LAB,21,44,65,2
15AG5A0504,11535,OPERATING SYSTEMS LAB,19,40,59,2
15AG5A0504,115AN,PRINCIPLES OF PROGRAMMING LANGUAGES,15,5,20,0
15AG5A0504,115AP,COMPILER DESIGN,19,7,26,0
15AG5A0504,115DT,COMPUTER NETWORKS,20,14,34,0
15AG5A0504,115DZ,HUMAN VALUES AND PROFESSIONAL ETHICS,16,26,42,4
15AG5A0504,115EH,OPERATING SYSTEMS,14,4,18,0
15AG5A0504,115EM,SOFTWARE ENGINEERING,16,27,43,4
